{
    "threshold": 0.5,
    "roc_auc": 0.9999922357502292,
    "pr_auc": 0.9918330308529945,
    "precision": 1.0,
    "recall": 0.9655172413793104,
    "f1_score": 0.9824561403508771,
    "confusion_matrix": [
        [
            39971,
            0
        ],
        [
            1,
            28
        ]
    ],
    "classification_report": {
        "0": {
            "precision": 0.9999749824877414,
            "recall": 1.0,
            "f1-score": 0.9999874910873998,
            "support": 39971.0
        },
        "1": {
            "precision": 1.0,
            "recall": 0.9655172413793104,
            "f1-score": 0.9824561403508771,
            "support": 29.0
        },
        "accuracy": 0.999975,
        "macro avg": {
            "precision": 0.9999874912438707,
            "recall": 0.9827586206896552,
            "f1-score": 0.9912218157191385,
            "support": 40000.0
        },
        "weighted avg": {
            "precision": 0.9999750006254379,
            "recall": 0.999975,
            "f1-score": 0.9999747808581159,
            "support": 40000.0
        }
    },
    "best_f1_threshold": 0.946124,
    "best_f1_from_pr_curve": 0.982456,
    "precision_at_best_f1": 1.0,
    "recall_at_best_f1": 0.965517,
    "model_name": "RandomForestClassifier",
    "dataset_rows": 200000,
    "feature_count": 45,
    "train_rows": 160000,
    "test_rows": 40000,
    "train_fraud_count": 118,
    "test_fraud_count": 29
}