{
    "precision": 0.03333333333333333,
    "recall": 0.034013605442176874,
    "f1_score": 0.03367003367003367,
    "confusion_matrix": [
        [
            199708,
            145
        ],
        [
            142,
            5
        ]
    ],
    "classification_report": {
        "0": {
            "precision": 0.9992894671003253,
            "recall": 0.9992744667330488,
            "f1-score": 0.9992819668603938,
            "support": 199853.0
        },
        "1": {
            "precision": 0.03333333333333333,
            "recall": 0.034013605442176874,
            "f1-score": 0.03367003367003367,
            "support": 147.0
        },
        "accuracy": 0.998565,
        "macro avg": {
            "precision": 0.5163114002168293,
            "recall": 0.5166440360876128,
            "f1-score": 0.5164760002652138,
            "support": 200000.0
        },
        "weighted avg": {
            "precision": 0.9985794893420066,
            "recall": 0.998565,
            "f1-score": 0.9985722420894989,
            "support": 200000.0
        }
    }
}