{
    "precision": 0.08,
    "recall": 0.06896551724137931,
    "f1_score": 0.07407407407407407,
    "confusion_matrix": [
        [
            39948,
            23
        ],
        [
            27,
            2
        ]
    ],
    "classification_report": {
        "0": {
            "precision": 0.9993245778611632,
            "recall": 0.9994245828225463,
            "f1-score": 0.999374577840042,
            "support": 39971.0
        },
        "1": {
            "precision": 0.08,
            "recall": 0.06896551724137931,
            "f1-score": 0.07407407407407407,
            "support": 29.0
        },
        "accuracy": 0.99875,
        "macro avg": {
            "precision": 0.5396622889305817,
            "recall": 0.5341950500319628,
            "f1-score": 0.536724325957058,
            "support": 40000.0
        },
        "weighted avg": {
            "precision": 0.998658067542214,
            "recall": 0.99875,
            "f1-score": 0.9987037349748116,
            "support": 40000.0
        }
    },
    "model_name": "IsolationForest",
    "evaluation_scope": "holdout_test_proxy_check",
    "contamination": 0.00075,
    "train_rows": 160000,
    "test_rows": 40000,
    "train_fraud_count": 118,
    "test_fraud_count": 29
}