{
    "roc_auc": 0.9999948238334861,
    "pr_auc": 0.994088669950739,
    "precision": 0.9032258064516129,
    "recall": 0.9655172413793104,
    "f1_score": 0.9333333333333333,
    "confusion_matrix": [
        [
            39968,
            3
        ],
        [
            1,
            28
        ]
    ],
    "classification_report": {
        "0": {
            "precision": 0.9999749806099727,
            "recall": 0.9999249455855496,
            "f1-score": 0.9999499624718539,
            "support": 39971.0
        },
        "1": {
            "precision": 0.9032258064516129,
            "recall": 0.9655172413793104,
            "f1-score": 0.9333333333333333,
            "support": 29.0
        },
        "accuracy": 0.9999,
        "macro avg": {
            "precision": 0.9516003935307928,
            "recall": 0.98272109348243,
            "f1-score": 0.9666416479025937,
            "support": 40000.0
        },
        "weighted avg": {
            "precision": 0.9999048374587078,
            "recall": 0.9999,
            "f1-score": 0.9999016654157283,
            "support": 40000.0
        }
    }
}