{
    "cv_folds": 5,
    "roc_auc_scores": [
        0.9996911553980083,
        0.9916663719127402,
        0.9865652598133647,
        0.9993453423400884,
        0.9999558001834709
    ],
    "mean_roc_auc": 0.9954447859295344,
    "std_roc_auc": 0.0054169666807903786
}