{
    "threshold": 0.5,
    "roc_auc": 0.9999974119167431,
    "pr_auc": 0.9967672413793103,
    "precision": 0.9655172413793104,
    "recall": 0.9655172413793104,
    "f1_score": 0.9655172413793104,
    "confusion_matrix": [
        [
            39970,
            1
        ],
        [
            1,
            28
        ]
    ],
    "classification_report": {
        "0": {
            "precision": 0.9999749818618499,
            "recall": 0.9999749818618499,
            "f1-score": 0.9999749818618499,
            "support": 39971.0
        },
        "1": {
            "precision": 0.9655172413793104,
            "recall": 0.9655172413793104,
            "f1-score": 0.9655172413793104,
            "support": 29.0
        },
        "accuracy": 0.99995,
        "macro avg": {
            "precision": 0.9827461116205801,
            "recall": 0.9827461116205801,
            "f1-score": 0.9827461116205801,
            "support": 40000.0
        },
        "weighted avg": {
            "precision": 0.99995,
            "recall": 0.99995,
            "f1-score": 0.99995,
            "support": 40000.0
        }
    },
    "best_f1_threshold": 0.999871,
    "best_f1_from_pr_curve": 0.982456,
    "precision_at_best_f1": 1.0,
    "recall_at_best_f1": 0.965517,
    "model_name": "XGBClassifier",
    "dataset_rows": 200000,
    "feature_count": 45,
    "train_rows": 160000,
    "test_rows": 40000,
    "train_fraud_count": 118,
    "test_fraud_count": 29,
    "imbalance_strategy": "scale_pos_weight",
    "scale_pos_weight": 1354.9322033898304
}