{
    "roc_auc": 0.9999974119167431,
    "pr_auc": 0.9967672413793102,
    "precision": 0.9655172413793104,
    "recall": 0.9655172413793104,
    "f1_score": 0.9655172413793104,
    "confusion_matrix": [
        [
            39970,
            1
        ],
        [
            1,
            28
        ]
    ],
    "classification_report": {
        "0": {
            "precision": 0.9999749818618499,
            "recall": 0.9999749818618499,
            "f1-score": 0.9999749818618499,
            "support": 39971.0
        },
        "1": {
            "precision": 0.9655172413793104,
            "recall": 0.9655172413793104,
            "f1-score": 0.9655172413793104,
            "support": 29.0
        },
        "accuracy": 0.99995,
        "macro avg": {
            "precision": 0.9827461116205801,
            "recall": 0.9827461116205801,
            "f1-score": 0.9827461116205801,
            "support": 40000.0
        },
        "weighted avg": {
            "precision": 0.99995,
            "recall": 0.99995,
            "f1-score": 0.99995,
            "support": 40000.0
        }
    }
}