{
    "cv_folds": 5,
    "roc_auc_scores": [
        0.9996911553980083,
        0.9916663719127402,
        0.9865652598133647,
        0.9993453423400884,
        0.9999558001834709
    ],
    "mean_roc_auc": 0.9954447859295344,
    "std_roc_auc": 0.0054169666807903786,
    "pr_auc_scores": [
        0.9436135647635479,
        0.9287076853475925,
        0.9332177473312001,
        0.9647731937602627,
        0.9787148594377509
    ],
    "mean_pr_auc": 0.9498054101280708,
    "std_pr_auc": 0.019070366033418117
}